{
  "project_info": {
    "project_number": "201381580017",
    "project_id": "newone-5689e",
    "storage_bucket": "newone-5689e.appspot.com"
  },
  "client": [
    {
      "client_info": {
        "mobilesdk_app_id": "1:201381580017:android:8999b4e19dbf85502eed50",
        "android_client_info": {
          "package_name": "com.example.taskkk"
        }
      },
      "oauth_client": [],
      "api_key": [
        {
          "current_key": "AIzaSyBGtAnd4YJ_KChuJky7n-Jy9w_5IOTenz8"
        }
      ],
      "services": {
        "appinvite_service": {
          "other_platform_oauth_client": []
        }
      }
    }
  ],
  "configuration_version": "1"
}