{
  "project_info": {
    "project_number": "324196314236",
    "project_id": "demo2-53db3",
    "storage_bucket": "demo2-53db3.appspot.com"
  },
  "client": [
    {
      "client_info": {
        "mobilesdk_app_id": "1:324196314236:android:077c8a791269693315edf9",
        "android_client_info": {
          "package_name": "com.example.imageupload"
        }
      },
      "oauth_client": [],
      "api_key": [
        {
          "current_key": "AIzaSyB69hQdg1p1Dmbk28QH4Di0qTVxfSQKYMw"
        }
      ],
      "services": {
        "appinvite_service": {
          "other_platform_oauth_client": []
        }
      }
    }
  ],
  "configuration_version": "1"
}