{
  "project_info": {
    "project_number": "681773530704",
    "project_id": "auth-106c3",
    "storage_bucket": "auth-106c3.appspot.com"
  },
  "client": [
    {
      "client_info": {
        "mobilesdk_app_id": "1:681773530704:android:9c93c8165db96b93c0db55",
        "android_client_info": {
          "package_name": "com.example.form2"
        }
      },
      "oauth_client": [],
      "api_key": [
        {
          "current_key": "AIzaSyDB1oGhEkcu-as72SF5-05Hr7Wh2UBkGIs"
        }
      ],
      "services": {
        "appinvite_service": {
          "other_platform_oauth_client": []
        }
      }
    }
  ],
  "configuration_version": "1"
}