{"flutter":{"platforms":{"android":{"default":{"projectId":"demo2-53db3","appId":"1:324196314236:android:077c8a791269693315edf9","fileOutput":"android/app/google-services.json"}},"dart":{"lib/firebase_options.dart":{"projectId":"demo2-53db3","configurations":{"android":"1:324196314236:android:077c8a791269693315edf9","ios":"1:324196314236:ios:a1c868586502ddae15edf9","macos":"1:324196314236:ios:a1c868586502ddae15edf9","web":"1:324196314236:web:cd8551891d369a3015edf9","windows":"1:324196314236:web:764a7f16f7afdc5315edf9"}}}}}}