{"flutter":{"platforms":{"android":{"default":{"projectId":"auth-106c3","appId":"1:681773530704:android:9c93c8165db96b93c0db55","fileOutput":"android/app/google-services.json"}},"dart":{"lib/firebase_options.dart":{"projectId":"auth-106c3","configurations":{"android":"1:681773530704:android:9c93c8165db96b93c0db55","ios":"1:681773530704:ios:ba4a1af3d68c9664c0db55","macos":"1:681773530704:ios:ba4a1af3d68c9664c0db55","web":"1:681773530704:web:2dbdaa89a14a223dc0db55","windows":"1:681773530704:web:78fb18ac47839e4ac0db55"}}}}}}